<?xml version="1.0"?>
<!DOCTYPE display PUBLIC "-//Liferay//DTD Display 6.2.0//EN" "http://www.liferay.com/dtd/liferay-display_6_2_0.dtd">

<display>
	<category name="HPMC Farmer Module">
		<portlet id="CA-Registration"></portlet>
		<portlet id="CA-ChamberRegistration"></portlet>
		<portlet id="CA-Booking"></portlet>
		<portlet id="CA Offline Booking"></portlet>
		<portlet id="CA-Withdraw"></portlet>
		<portlet id="CA Product Storage"></portlet>
		<portlet id="CS-Registration"></portlet>
		<portlet id="cs-booking-space"></portlet>
		<portlet id="CS Assign Product Storage"></portlet>
		<portlet id="CS-Withdraw"></portlet>
		<portlet id="CS Offline Booking"></portlet>
		<portlet id="CA CS Location"></portlet>
	</category>
</display>