<?xml version="1.0"?>

<portlet-app xmlns="http://java.sun.com/xml/ns/portlet/portlet-app_2_0.xsd" xmlns:xsi="http://www.w3.org/2001/XMLSchema-instance" xsi:schemaLocation="http://java.sun.com/xml/ns/portlet/portlet-app_2_0.xsd http://java.sun.com/xml/ns/portlet/portlet-app_2_0.xsd" version="2.0">
	
	<portlet>
		<portlet-name>CA-Registration</portlet-name>
		<display-name>CA Registration</display-name>
		<portlet-class>com.hpmc.portal.farmer.controller.CARegistration</portlet-class>
		<init-param>
			<name>view-template</name>
			<value>/html/ca/controlAtmospherDetails.jsp</value>
		</init-param>
		<expiration-cache>0</expiration-cache>
		<supports>
			<mime-type>text/html</mime-type>
		</supports>
		<portlet-info>
			<title>CA Registration</title>
			<short-title>CA Registration</short-title>
			<keywords>CA Registration</keywords>
		</portlet-info>
		<security-role-ref>
			<role-name>administrator</role-name>
		</security-role-ref>
		<security-role-ref>
			<role-name>hpmc_FARMER</role-name>
		</security-role-ref>
	</portlet>
	
	<portlet>
		<portlet-name>CA-ChamberRegistration</portlet-name>
		<display-name>CA ChamberRegistration</display-name>
		<portlet-class>com.hpmc.portal.farmer.controller.CAChamberRegistration</portlet-class>
		<init-param>
			<name>view-template</name>
			<value>/html/ca/ChamberRegistration.jsp</value>
		</init-param>
		<expiration-cache>0</expiration-cache>
		<supports>
			<mime-type>text/html</mime-type>
		</supports>
		<portlet-info>
			<title>CA ChamberRegistration</title>
			<short-title>CA ChamberRegistration</short-title>
			<keywords>CA ChamberRegistration</keywords>
		</portlet-info>
		<security-role-ref>
			<role-name>administrator</role-name>
		</security-role-ref>
		<security-role-ref>
			<role-name>hpmc_AGM</role-name>
		</security-role-ref>
	</portlet>
	
	
	<portlet>
		<portlet-name>CA-Booking</portlet-name>
		<display-name>CA-Booking</display-name>
		<portlet-class>com.hpmc.portal.farmer.controller.CABooking</portlet-class>
		<init-param>
			<name>view-template</name>
			<value>/html/ca/booking.jsp</value>
		</init-param>
		<expiration-cache>0</expiration-cache>
		<supports>
			<mime-type>text/html</mime-type>
		</supports>
		<portlet-info>
			<title>CA-Booking</title>
			<short-title>CA Booking</short-title>
			<keywords>CA Booking</keywords>
		</portlet-info>
		<security-role-ref>
			<role-name>administrator</role-name>
		</security-role-ref>
		<security-role-ref>
			<role-name>hpmc_FARMER</role-name>
		</security-role-ref>
	</portlet>
	
	<portlet>
		<portlet-name>CA Product Storage</portlet-name>
		<display-name>CS Product Storage</display-name>
		<portlet-class>com.hpmc.portal.farmer.controller.CAProductStorage</portlet-class>
		<init-param>
			<name>view-template</name>
			<value>/html/ca/product-storage/search-booking-id.jsp</value>
		</init-param>
		<expiration-cache>0</expiration-cache>
		<supports>
			<mime-type>text/html</mime-type>
		</supports>
		<portlet-info>
			<title>CA Product Storage</title>
			<short-title>CA Product Storage</short-title>
			<keywords>CA Product Storage</keywords>
		</portlet-info>
		<security-role-ref>
			<role-name>administrator</role-name>
		</security-role-ref>
		<security-role-ref>
			<role-name>hpmc_FARMER</role-name>
		</security-role-ref>
	</portlet>
	
	
	
	<portlet>
		<portlet-name>CA Offline Booking</portlet-name>
		<display-name>CA Offline Booking</display-name>
		<portlet-class>com.hpmc.portal.farmer.controller.CAOfflineBooking</portlet-class>
		<init-param>
			<name>view-template</name>
			<value>/html/ca/offline-booking/CustomerRegistrationForm.jsp</value>
		</init-param>
		<expiration-cache>0</expiration-cache>
		<supports>
			<mime-type>text/html</mime-type>
		</supports>
		<portlet-info>
			<title>CA Offline Booking</title>
			<short-title>CA Offline Booking</short-title>
			<keywords>CA Offline Booking</keywords>
		</portlet-info>
		<security-role-ref>
			<role-name>administrator</role-name>
		</security-role-ref>
		<security-role-ref>
			<role-name>hpmc_FARMER</role-name>
		</security-role-ref>
	</portlet>
	
	<portlet>
		<portlet-name>CS-Registration</portlet-name>
		<display-name>CS Registration</display-name>
		<portlet-class>com.hpmc.portal.farmer.controller.CSRegistration</portlet-class>
		<init-param>
			<name>view-template</name>
			<value>/html/cs/ColdStorageDetail.jsp</value>
		</init-param>
		<expiration-cache>0</expiration-cache>
		<supports>
			<mime-type>text/html</mime-type>
		</supports>
		<portlet-info>
			<title>CS Registration</title>
			<short-title>CA Registration</short-title>
			<keywords>CS Registration</keywords>
		</portlet-info>
		<security-role-ref>
			<role-name>administrator</role-name>
		</security-role-ref>
		<security-role-ref>
			<role-name>hpmc_FARMER</role-name>
		</security-role-ref>
	</portlet>
	
	<portlet>
		<portlet-name>cs-booking-space</portlet-name>
		<display-name>CS Booking Space</display-name>
		<portlet-class>com.hpmc.portal.farmer.controller.CSBooking</portlet-class>
		<init-param>
			<name>view-template</name>
			<value>/html/cs/booking.jsp</value>
		</init-param>
		<expiration-cache>0</expiration-cache>
		<supports>
			<mime-type>text/html</mime-type>
			<portlet-mode>view</portlet-mode>
		</supports>
		<portlet-info>
			<title>CS Booking</title>
			<short-title>CS Booking</short-title>
			<keywords></keywords>
		</portlet-info>
		<security-role-ref>
			<role-name>administrator</role-name>
		</security-role-ref>
		<security-role-ref>
			<role-name>hpmc_FARMER</role-name>
		</security-role-ref>
	</portlet>
	
	<portlet>
		<portlet-name>CS Assign Product Storage</portlet-name>
		<display-name>CS Assign Product Storage</display-name>
		<portlet-class>com.hpmc.portal.farmer.controller.CSAssignProductStorage</portlet-class>
		<init-param>
			<name>view-template</name>
			<value>/html/cs/product-storage/assign-product-storage.jsp</value>
		</init-param>
		<expiration-cache>0</expiration-cache>
		<supports>
			<mime-type>text/html</mime-type>
		</supports>
		<portlet-info>
			<title>CS Assign Product Storage</title>
			<short-title>CS Assign Product Storage</short-title>
			<keywords>CS Assign Product Storage</keywords>
		</portlet-info>
		<security-role-ref>
			<role-name>administrator</role-name>
		</security-role-ref>
		<security-role-ref>
			<role-name>hpmc_FARMER</role-name>
		</security-role-ref>
	</portlet>
	
	<portlet>
		<portlet-name>CS Offline Booking</portlet-name>
		<display-name>CS Offline Booking</display-name>
		<portlet-class>com.hpmc.portal.farmer.controller.CSOfflineBooking</portlet-class>
		<init-param>
			<name>view-template</name>
			<value>/html/cs/offline-booking/CustomerRegistrationForm.jsp</value>
		</init-param>
		<expiration-cache>0</expiration-cache>
		<supports>
			<mime-type>text/html</mime-type>
		</supports>
		<portlet-info>
			<title>CS Offline Booking</title>
			<short-title>CS Offline Booking</short-title>
			<keywords>CS Offline Booking</keywords>
		</portlet-info>
		<security-role-ref>
			<role-name>administrator</role-name>
		</security-role-ref>
		<security-role-ref>
			<role-name>hpmc_FARMER</role-name>
		</security-role-ref>
	</portlet>
	
	<portlet>
		<portlet-name>CA-Withdraw</portlet-name>
		<display-name>CA Withdraw</display-name>
		<portlet-class>com.hpmc.portal.farmer.controller.CAWithdraw</portlet-class>
		<init-param>
			<name>view-template</name>
			<value>/html/ca/with-draw/search-booking-order.jsp</value>
		</init-param>
		<expiration-cache>0</expiration-cache>
		<supports>
			<mime-type>text/html</mime-type>
		</supports>
		<portlet-info>
			<title>CA Withdraw</title>
			<short-title>CA Withdraw</short-title>
			<keywords>CA Withdraw</keywords>
		</portlet-info>
		<security-role-ref>
			<role-name>administrator</role-name>
		</security-role-ref>
		<security-role-ref>
			<role-name>hpmc_FARMER</role-name>
		</security-role-ref>
	</portlet>
	
	<portlet>
		<portlet-name>CS-Withdraw</portlet-name>
		<display-name>CS Withdraw</display-name>
		<portlet-class>com.hpmc.portal.farmer.controller.CSWithdraw</portlet-class>
		<init-param>
			<name>view-template</name>
			<value>/html/cs/with-draw/search-booking-order.jsp</value>
		</init-param>
		<expiration-cache>0</expiration-cache>
		<supports>
			<mime-type>text/html</mime-type>
		</supports>
		<portlet-info>
			<title>CS Withdraw</title>
			<short-title>CS Withdraw</short-title>
			<keywords>CS Withdraw</keywords>
		</portlet-info>
		<security-role-ref>
			<role-name>administrator</role-name>
		</security-role-ref>
		<security-role-ref>
			<role-name>hpmc_FARMER</role-name>
		</security-role-ref>
	</portlet>
	
	<portlet>
		<portlet-name>CA CS Location</portlet-name>
		<display-name>CA CS Location</display-name>
		<portlet-class>com.hpmc.portal.farmer.controller.CACSLocation</portlet-class>
		<init-param>
			<name>view-template</name>
			<value>/html/admin/cscalocation.jsp</value>
		</init-param>
		<expiration-cache>0</expiration-cache>
		<supports>
			<mime-type>text/html</mime-type>
		</supports>
		<portlet-info>
			<title>CACS Location</title>
			<short-title>Location</short-title>
			<keywords>CA CS Location</keywords>
		</portlet-info>
		<security-role-ref>
			<role-name>administrator</role-name>
		</security-role-ref>
		<security-role-ref>
			<role-name>hpmc_FARMER</role-name>
		</security-role-ref>
	</portlet>
	
</portlet-app>